{"cameraMode":{"drawMode":0,"name":"Shaded","section":"Shading Mode"},"sceneLighting":true,"audioPlay":false,"sceneViewState":{"showFog":true,"showMaterialUpdate":false,"showSkybox":true,"showFlares":true,"showImageEffects":true,"showParticleSystems":true},"in2DMode":false,"pivot":{"x":-9.273816108703614,"y":1.230870246887207,"z":-5.7282609939575199},"rotation":{"x":0.17822256684303285,"y":-0.30701497197151186,"z":0.0586288757622242,"w":0.9331768155097961},"size":10.093764305114746,"orthographic":false}